ts,lp,votes,emissions,bribes,fees,chain_id,chain_name,chain_key,bribes_usd,fees_usd,total_incentives_usd
1769040000,0x7A7f1187c4710010DB17d0a9ad3fcE85e6ecD90a,2089485.6572396609,0.01956200048747026,"[('0x3417E54A51924C225330f8770514aD5560B9098D', 2500000000000000000000)]","[('0x3417E54A51924C225330f8770514aD5560B9098D', 58975643433453974984), ('0x9560e827aF36c94D2Ac33a39bCE1Fe78631088Db', 127830877266812892318)]",10,Optimism,op,83.75,4.46,88.21
1769040000,0x8134A2fDC127549480865fB8E5A9E8A8a95a54c5,3150835.9095842447,0.030184074127316052,[],"[('0x7F5c764cBc14f9669B88837ca1490cCa17c31607', 93950439), ('0x9560e827aF36c94D2Ac33a39bCE1Fe78631088Db', 5971905395539314852765)]",10,Optimism,op,0.0,210.04,210.04
1769040000,0x58e6433A6903886E440Ddf519eCC573c4046a6b2,5574667.430937751,0.052457294315401255,[],"[('0x4200000000000000000000000000000000000006', 100966064087278460), ('0x9560e827aF36c94D2Ac33a39bCE1Fe78631088Db', 15608179729103966062467)]",10,Optimism,op,0.0,599.59,599.59
1769040000,0x1AD06Ca54de04DBe9e2817F4C13eCB406DCbeAf0,61660.81625595365,0.000577281246875018,[],"[('0x3E29D3A9316dAB217754d13b28646B76607c5f04', 230001352158537), ('0x6806411765Af15Bddd26f8f544A34cC40cb9838B', 214431112100386)]",10,Optimism,op,0.0,1.27,1.27
1769040000,0xC5c247580A4A6E4d3811c0DA6215057aaC480bAc,94056.53805167574,0.000880570763015706,[],"[('0x1F32b1c2345538c0c6f582fCB022739c4A194Ebb', 573772822636574), ('0xFdb794692724153d1488CcdBE0C56c252596735F', 5254903222102497934)]",10,Optimism,op,0.0,5.16,5.16
1769040000,0x4E316557f63C2156eAFdfec08f31DF4957136203,1995553.2011667732,0.01868277960176627,"[('0x3417E54A51924C225330f8770514aD5560B9098D', 1400000000000000000000)]","[('0x3417E54A51924C225330f8770514aD5560B9098D', 147255712070792641824), ('0x4200000000000000000000000000000000000042', 10754817333732819232)]",10,Optimism,op,46.9,8.12,55.019999999999996
1769040000,0x6387765fFA609aB9A1dA1B16C455548Bfed7CbEA,56085.02077135918,0.000540284110271299,[],"[('0x4200000000000000000000000000000000000006', 1813932375033583), ('0xc40F949F8a4e094D1b49a23ea9241D289B7b2819', 4027048260308903276)]",10,Optimism,op,0.0,9.33,9.33
1769040000,0x19715771E30c93915A5bbDa134d782b81A820076,222.98599864716468,2.087661506388e-06,[],"[('0xDA10009cBd5D07dd0CeCc66161FC93D7c9000da1', 130959548390280668)]",10,Optimism,op,0.0,0.13,0.13
1769040000,0xfA09479d72E2b3f8B6dF63399772237Ad6658D76,24970.952150841982,0.000233785510747056,[],"[('0xCB8FA9a76b8e203D8C3797bF438d8FB81Ea3326A', 833882937332827), ('0xdFA46478F9e5EA86d57387849598dbFB2e964b02', 132774982751307088)]",10,Optimism,op,0.0,0.01,0.01
1769040000,0x8542DD4744edEa38b8a9306268b08F4D26d38581,102934.33406261595,0.000963701973271585,[],"[('0x2E3D870790dC77A83DD1d18184Acc7439A53f475', 795711916507246239), ('0x7F5c764cBc14f9669B88837ca1490cCa17c31607', 707907)]",10,Optimism,op,0.0,1.5,1.5
1769040000,0x0df083de449F75691fc5A36477a6f3284C269108,827315.1005088459,0.00760196154877471,[],"[('0x4200000000000000000000000000000000000042', 197818521530522492624), ('0x7F5c764cBc14f9669B88837ca1490cCa17c31607', 57289090)]",10,Optimism,op,0.0,115.9,115.9
1769040000,0x0493Bf8b6DBB159Ce2Db2E0E8403E753Abd1235b,753817.898033966,0.007057788693786804,[],"[('0x4200000000000000000000000000000000000006', 8534254529445221), ('0x7F5c764cBc14f9669B88837ca1490cCa17c31607', 22812240)]",10,Optimism,op,0.0,47.84,47.84
1769040000,0x2B47C794c3789f499D8A54Ec12f949EeCCE8bA16,29173.075856944484,0.000273368060580682,[],"[('0x94b008aA00579c1307B0EF2c499aD98a8ce58e58', 1278473)]",10,Optimism,op,0.0,1.28,1.28
1769040000,0x4d7959d17B9710BE87e3657e69d946914221BB88,22911.753498797305,0.000214509515875091,[],"[('0x7F5c764cBc14f9669B88837ca1490cCa17c31607', 1725527), ('0xCB8FA9a76b8e203D8C3797bF438d8FB81Ea3326A', 1777989537664492425)]",10,Optimism,op,0.0,3.49,3.49
1769040000,0x8F47041aDbeF5BF321c9F63A0660326614ab6B60,83937.07058300811,0.000785854316025162,[],"[('0x4200000000000000000000000000000000000006', 5004563250505166), ('0x920Cf626a271321C151D027030D5d08aF699456b', 3070821740529715960)]",10,Optimism,op,0.0,34.97,34.97
1769040000,0xB720FBC32d60BB6dcc955Be86b98D8fD3c4bA645,36766.69984024656,0.000344225376877858,[],"[('0x7F5c764cBc14f9669B88837ca1490cCa17c31607', 635070)]",10,Optimism,op,0.0,0.63,0.63
1769040000,0x71d53B5B7141E1ec9A3Fc9Cc48b4766102d14A4A,778893.3383138424,0.007292400851584794,[],"[('0x7F5c764cBc14f9669B88837ca1490cCa17c31607', 7817951), ('0x8700dAec35aF8Ff88c16BdF0418774CB3D7599B4', 19423157637045619800)]",10,Optimism,op,0.0,15.84,15.84
1769040000,0x4E60495550071693bc8bDfFC40033d278157EAC7,67796.36335018881,0.000634744493898931,[],"[('0x1DB2466d9F5e10D7090E7152B68d62703a2245F0', 125910958993978803998)]",10,Optimism,op,0.0,0.05,0.05
1769040000,0x917AA69D539D6518440dd0BEA2eaAc142a8d5610,15095032.259489756,0.1408493032026362,[],"[('0x1610e3c85dd44Af31eD7f33a63642012Dca0C5A5', 6647168391640812), ('0x4200000000000000000000000000000000000006', 8916715093271966)]",10,Optimism,op,0.0,45.52,45.52
1769040000,0x25C488e5F69aC334ac1e8f786D890A97ec1bF713,325726.39636988076,0.003137955253406813,[],"[('0x9e5AAC1Ba1a2e6aEd6b32689DFcF62A509Ca96f3', 2149582383823389898194), ('0xbfD291DA8A403DAAF7e5E9DC1ec0aCEaCd4848B9', 21603778968204807969)]",10,Optimism,op,0.0,42.55,42.55
1769040000,0x7e0F65FAB1524dA9E2E5711D160541cf1199912E,8262.634268368198,7.7359040334613e-05,[],"[('0x4200000000000000000000000000000000000006', 35024528600243), ('0x9Bcef72be871e61ED4fBbc7630889beE758eb81D', 30859535727532)]",10,Optimism,op,0.0,0.21,0.21
1769040000,0x6dA98Bde0068d10DDD11b468b197eA97D96F96Bc,38524.500818859786,0.000360689809885589,[],"[('0x1F32b1c2345538c0c6f582fCB022739c4A194Ebb', 221783781374831), ('0x4200000000000000000000000000000000000006', 277646422715283)]",10,Optimism,op,0.0,1.61,1.61
1769040000,0x3DD9556a521d6e57bE480c94da102fedf0429aba,271847.2661563156,0.002545199461736742,[],"[('0x79AF5dd14e855823FA3E9ECAcdF001D99647d043', 12452251479725133), ('0x9485aca5bbBE1667AD97c7fE7C4531a624C8b1ED', 4342076418380111)]",10,Optimism,op,0.0,0.01,0.01
1769040000,0xd25711EdfBf747efCE181442Cc1D8F5F8fc8a0D3,2075506.867087413,0.019432107220263433,[],"[('0x4200000000000000000000000000000000000006', 34336024000941645), ('0x4200000000000000000000000000000000000042', 343620125190261065489)]",10,Optimism,op,0.0,202.54,202.54
1769040000,0x7e1357fa56C0eCfE69dAF22E08489aE8De56d86C,86140.51302089714,0.000806499879415545,[],"[('0x4200000000000000000000000000000000000042', 48088629742565326612), ('0xAF9fE3B5cCDAe78188B1F8b9a49Da7ae9510F151', 35379755934574411736)]",10,Optimism,op,0.0,20.24,20.24
1769040000,0xFF5318f81Dd791e92d51b8A54fA3538832D2890D,2666.7528459986497,2.4968092566575e-05,[],"[('0x484c2D6e3cDd945a8B2DF735e079178C1036578c', 383928859533), ('0x6806411765Af15Bddd26f8f544A34cC40cb9838B', 58405205781)]",10,Optimism,op,0.0,0.0,0.0
1769040000,0xa1055762336F92b4B8d2eDC032A0Ce45ead6280a,13138698.83032159,0.14023117601701063,[],"[('0x3E29D3A9316dAB217754d13b28646B76607c5f04', 40329758236762240), ('0x4200000000000000000000000000000000000006', 38003420245074026)]",10,Optimism,op,0.0,224.95,224.95
1769040000,0xaF03f51DE7a0E62BF061F6Fc3931cF79166B0a29,32322.240474664504,0.000302624479558146,[],"[('0x2E3D870790dC77A83DD1d18184Acc7439A53f475', 517555848536102804), ('0xCB8FA9a76b8e203D8C3797bF438d8FB81Ea3326A', 335243763863464517)]",10,Optimism,op,0.0,0.85,0.85
1769040000,0x56770b94279539416855fe29Ef14b26438B5e421,102301.15899408786,0.000957818348732597,[],"[('0x296F55F8Fb28E498B858d0BcDA06D955B2Cb3f97', 26194760031202169299), ('0x7F5c764cBc14f9669B88837ca1490cCa17c31607', 5423374)]",10,Optimism,op,0.0,10.03,10.03
1769040000,0xE54e4020d1C3afDB312095D90054103E68fe34B0,9155.412978044762,8.5719679296132e-05,[],"[('0xdFA46478F9e5EA86d57387849598dbFB2e964b02', 214456665078518886)]",10,Optimism,op,0.0,0.01,0.01
1769040000,0x0e88a5bfF34d39DA66bdD32B82dC89a32D7Bb6c9,2529358.0933449045,0.023681937283744188,[],"[('0x4200000000000000000000000000000000000006', 703159630899238), ('0xc5102fE9359FD9a28f877a67E36B0F050d81a3CC', 1492958068449304446220)]",10,Optimism,op,0.0,4.01,4.01
1769040000,0x615B9dd61f1F9a80f5bcD33A53Eb79c37b20adDC,49305.70094256236,0.000474748606300368,[],"[('0xa50B23cDfB2eC7c590e84f403256f67cE6dffB84', 26109409201905360699720)]",10,Optimism,op,0.0,2.25,2.25
1769040000,0x6d5BA400640226e24b50214d2bBb3D4Db8e6e15a,119141.38770169015,0.00111549996770858,[],"[('0x8c6f28f2F1A3C87F0f938b96d27520d9751ec8d9', 280858609210820038)]",10,Optimism,op,0.0,0.21,0.21
1769040000,0x7178F61694ba9109205B8d6F686282307625e62D,77675.02480872003,0.000727257667023641,[],"[('0x1F32b1c2345538c0c6f582fCB022739c4A194Ebb', 1461121092961258), ('0x4200000000000000000000000000000000000042', 17961999457617719740)]",10,Optimism,op,0.0,10.57,10.57
1769040000,0x3f42Dc59DC4dF5cD607163bC620168f7FF7aB970,9800.17656446038,9.1758248980337e-05,[],"[('0x4200000000000000000000000000000000000006', 489008916756056), ('0x6806411765Af15Bddd26f8f544A34cC40cb9838B', 514865119185921)]",10,Optimism,op,0.0,2.92,2.92
1769040000,0x1f8b46abe1EAbF5A60CbBB5Fb2e4a6A46fA0b6e6,20462.65521564497,0.000191590161639025,[],"[('0x2E3D870790dC77A83DD1d18184Acc7439A53f475', 134795528984872510), ('0x8aE125E8653821E851F12A49F7765db9a9ce7384', 14455798490253333)]",10,Optimism,op,0.0,0.15,0.15
1769040000,0xDFF90E4A6c229565f25337B1DB9fA12f6d8cB118,110111.44403611071,0.001158040097617721,[],"[('0x217D47011b23BB961eB6D93cA9945B7501a5BB11', 61461766482811018394), ('0x4200000000000000000000000000000000000006', 5380269839771797)]",10,Optimism,op,0.0,30.85,30.85
1769040000,0xe9581d0F1A628B038fC8B2a7F5A7d904f0e2f937,3795120.6779581625,0.03637690866805961,[],"[('0x4200000000000000000000000000000000000042', 498043813906394730629), ('0x9560e827aF36c94D2Ac33a39bCE1Fe78631088Db', 8417459878183684259814)]",10,Optimism,op,0.0,311.25,311.25
1769040000,0x60BE3FB22DDF30C17604b86eC005F6173B1170Aa,1080923.8052249027,0.010120600888792427,[],"[('0x4200000000000000000000000000000000000042', 82419911718070935842), ('0xCB8FA9a76b8e203D8C3797bF438d8FB81Ea3326A', 22994073844440981921)]",10,Optimism,op,0.0,47.22,47.22
1769040000,0xA5EDb0EF932f7c2f37B8FC75CB01948F6258a4f8,1118250.7067350307,0.010470193496719562,[],"[('0x3E29D3A9316dAB217754d13b28646B76607c5f04', 4022035937724875), ('0x4200000000000000000000000000000000000042', 38795581121950785923)]",10,Optimism,op,0.0,22.81,22.81
1769040000,0xC4270d957C218d263e7FAE5a3bEEDC1E98B6012D,55474.34954611029,0.000519406936525244,[],"[('0x1DB2466d9F5e10D7090E7152B68d62703a2245F0', 126707687507993798473), ('0x9560e827aF36c94D2Ac33a39bCE1Fe78631088Db', 6454631244578634503)]",10,Optimism,op,0.0,0.17,0.17
1769040000,0x62191C893DF8d26aC295BA1274a00975dc07190C,10236199.62258743,0.09553925256615621,"[('0x676f784d19c7F1Ac6C6BeaeaaC78B02a73427852', 2130000000000000000000000)]","[('0x4200000000000000000000000000000000000006', 6205706317420462), ('0x676f784d19c7F1Ac6C6BeaeaaC78B02a73427852', 95041144972413630176641)]",10,Optimism,op,641.13,46.81,687.94
1769040000,0x10df8a154C806f74C589466214b1C831c2315173,108691.35155699309,0.001017680743942314,[],"[('0x4200000000000000000000000000000000000006', 227436498443165), ('0xC26921B5b9ee80773774d36C84328ccb22c3a819', 6933561766596508404902172)]",10,Optimism,op,0.0,35.33,35.33
1769040000,0x0af32614EEa68B8D2232B9592FbdB6512ab6DA73,147258.08007879747,0.001618635262681386,[],"[('0x74ccbe53F77b08632ce0CB91D3A545bF6B8E0979', 509116283291296261766), ('0x9560e827aF36c94D2Ac33a39bCE1Fe78631088Db', 476598484022994499046)]",10,Optimism,op,0.0,16.8,16.8
1769040000,0x814e2d6E8f7477329BB6C196111A08464ABE11DD,214926.89533502664,0.002197231337947347,[],"[('0x4200000000000000000000000000000000000006', 2933852103727328), ('0x74ccbe53F77b08632ce0CB91D3A545bF6B8E0979', 1614456109816339646916)]",10,Optimism,op,0.0,32.49,32.49
1769040000,0xa8E4fA96327C5a93e159Bd781F3CCfD860519d82,869355.4339176591,0.008139865127444999,[],"[('0x4200000000000000000000000000000000000006', 397923226558299), ('0x9a2e53158e12BC09270Af10C16A466cb2b5D7836', 657308540731496488)]",10,Optimism,op,0.0,1.49,1.49
1769040000,0xB545592E38b603F4A904a5260A6ffC538BfcB424,61080.9344421996,0.00063587574289338,[],"[('0x00a35FD824c717879BF370E70AC6868b95870Dfb', 600185123570888545), ('0x4200000000000000000000000000000000000006', 16588623771176)]",10,Optimism,op,0.0,0.22,0.22
1769040000,0x88391365c225973032275DB256b9D15F845D2C72,3886100.1992733586,0.03638595936678568,[],"[('0x4200000000000000000000000000000000000006', 2775734783549405), ('0xc3864f98f2a61A7cAeb95b039D031b4E2f55e0e9', 371035023731348854065)]",10,Optimism,op,0.0,16.61,16.61
1769040000,0xa80ad5C1f8C21b34b427EA432530aE7fF36e3926,1470950.8143964785,0.013772801758633676,[],"[('0x9560e827aF36c94D2Ac33a39bCE1Fe78631088Db', 167732978270970697111), ('0xc38464250F51123078BBd7eA574E185F6623d037', 45904321257179522880)]",10,Optimism,op,0.0,4.06,4.06
1769040000,0xDB1FE6DA83698885104DA02A6e0b3b65c0B0dE80,1320822.7440241422,0.01236712311091305,[],"[('0x395Ae52bB17aef68C2888d941736A71dC6d4e125', 62529875974481210125), ('0x4200000000000000000000000000000000000006', 3388263286948398)]",10,Optimism,op,0.0,15.48,15.48
1769040000,0x4ffCFbF4c01746DAfc3fe0719Ab3A83814130f22,22951.138040483205,0.000214896019141405,[],"[('0x4200000000000000000000000000000000000006', 10849980100012), ('0xFdb794692724153d1488CcdBE0C56c252596735F', 80135616760401115)]",10,Optimism,op,0.0,0.08,0.08
1769040000,0xa08fB94A933eAEa787F8191a5a980C4403Dc015C,2129758.6428493336,0.019941349020385572,[],"[('0x9560e827aF36c94D2Ac33a39bCE1Fe78631088Db', 344482591438086125543), ('0xa50B23cDfB2eC7c590e84f403256f67cE6dffB84', 14115169902211613690148)]",10,Optimism,op,0.0,7.91,7.91
1769040000,0x6e57B9E54ea043a829584B22182ad22bF446926C,71726.03787110776,0.000686566113197462,[],"[('0x6c84a8f1c29108F47a79964b5Fe888D4f4D0dE40', 193025627201045)]",10,Optimism,op,0.0,17.09,17.09
1769040000,0xadBB23Bcc3C1B9810491897cb0690Cf645B858b1,33512.15586773884,0.000324977339380366,[],"[('0x4200000000000000000000000000000000000006', 725225791348732), ('0x6c84a8f1c29108F47a79964b5Fe888D4f4D0dE40', 19990837576687)]",10,Optimism,op,0.0,3.9,3.9
1769040000,0xe9b168fa9409EaFFa07679196c7568317baf80eD,32797.17387313844,0.000307089436238415,[],"[('0x2E3D870790dC77A83DD1d18184Acc7439A53f475', 657928245360341071), ('0x4200000000000000000000000000000000000042', 2397275130731200296)]",10,Optimism,op,0.0,1.36,1.36
1769040000,0x2fE304b407c7fAb2a3c10962F14dB751468a4f5b,63242.22664660703,0.000609261399714058,[],"[('0x4200000000000000000000000000000000000042', 15752786060199502697), ('0x6806411765Af15Bddd26f8f544A34cC40cb9838B', 1595067549034565)]",10,Optimism,op,0.0,9.28,9.28
1769040000,0x477Fa18B063B7728409570D274f7a055e3da0D6E,99514.60286338274,0.000931784043619536,[],"[('0x2dAD3a13ef0C6366220f989157009e501e7938F8', 219470751260289995491), ('0x7F5c764cBc14f9669B88837ca1490cCa17c31607', 3584760)]",10,Optimism,op,0.0,6.08,6.08
1769040000,0x439c8a3704bDF52fec25bc271D67BaA2Bd204104,25414.48113785634,0.000237963146309633,[],"[('0x2dAD3a13ef0C6366220f989157009e501e7938F8', 98251228529763356907), ('0x9560e827aF36c94D2Ac33a39bCE1Fe78631088Db', 97151180713137821439)]",10,Optimism,op,0.0,3.01,3.01
1769040000,0x723AEf6543aecE026a15662Be4D3fb3424D502A9,21560.287346673755,0.000167772762204154,[],"[('0x236aa50979D5f3De3Bd1Eeb40E81137F22ab794b', 125814196168114), ('0xd9aAEc86B65D86f6A7B5B1b0c42FFA531710b6CA', 6922948)]",8453,Base,base,0.0,18.05,18.05
1769040000,0x2722C8f9B5E2aC72D1f225f8e8c990E449ba0078,10039.947332180793,7.8126495682538e-05,[],"[('0x236aa50979D5f3De3Bd1Eeb40E81137F22ab794b', 141340948317633), ('0x4200000000000000000000000000000000000006', 5573433241849699)]",8453,Base,base,0.0,28.88,28.88
1769040000,0x0B25c51637c43decd6CC1C1e3da4518D54ddb528,3169.3131007108486,2.4662213663775e-05,[],"[('0x4621b7A9c75199271F773Ebd9A499dbd165c3191', 687720920965858169), ('0xd9aAEc86B65D86f6A7B5B1b0c42FFA531710b6CA', 953535)]",8453,Base,base,0.0,1.64,1.64
1769040000,0x2d25E0514f23c6367687dE89Bd5167dc754D4934,206839.96327511597,0.001583319066056488,[],"[('0x4200000000000000000000000000000000000006', 15350551395431212), ('0xF544251D25f3d243A36B07e7E7962a678f952691', 896457941521656993257)]",8453,Base,base,0.0,86.06,86.06
1769040000,0x75D18ee68bB93BE5cB2dcCFa0d8151E25CBC8Eb8,72647.47387911269,0.000565317417675835,[],"[('0x4200000000000000000000000000000000000006', 488440864044314), ('0xc5102fE9359FD9a28f877a67E36B0F050d81a3CC', 649770214538858631714)]",8453,Base,base,0.0,2.29,2.29
1769040000,0x9e4CB8b916289864321661CE02cf66aa5BA63C94,1045059.6447247243,0.00813230640811349,[],"[('0x4200000000000000000000000000000000000006', 3600672812089360), ('0xDE5ed76E7c05eC5e4572CfC88d1ACEA165109E44', 3859071636723824842)]",8453,Base,base,0.0,25.41,25.41
1769040000,0x2223F9FE624F69Da4D8256A7bCc9104FBA7F8f75,169112.70401654558,0.001322776033961617,[],"[('0x940181a94A35A4569E4529A3CDfB74e38FD98631', 608754440652030326390), ('0xd9aAEc86B65D86f6A7B5B1b0c42FFA531710b6CA', 155475729)]",8453,Base,base,0.0,431.31,431.31
1769040000,0x7f670f78B17dEC44d5Ef68a48740b6f8849cc2e6,1484085.2773885927,0.01166980392925942,[],"[('0x4200000000000000000000000000000000000006', 401802293612829800), ('0x940181a94A35A4569E4529A3CDfB74e38FD98631', 4893819450608712305403)]",8453,Base,base,0.0,3398.63,3398.63
1769040000,0xB4885Bc63399BF5518b994c1d0C153334Ee579D0,119204.77905916047,0.000927621294798583,[],"[('0x4200000000000000000000000000000000000006', 39771814123461711), ('0xd9aAEc86B65D86f6A7B5B1b0c42FFA531710b6CA', 93181299)]",8453,Base,base,0.0,209.85,209.85
1769040000,0x44Ecc644449fC3a9858d2007CaA8CFAa4C561f91,2884.5195296268653,2.2446626413738e-05,[],"[('0x2Ae3F1Ec7F1F5012CFEab0185bfc7aa3cf0DEc22', 200900104717339), ('0x4200000000000000000000000000000000000006', 218264339890116)]",8453,Base,base,0.0,1.3,1.3
1769040000,0x3Fc28BFac25fC8e93B5b2fc15EfBBD5a8aA44eFe,134286.21139279281,0.000133351339394709,[],"[('0x9483ab65847A447e36d21af1CaB8C87e9712ff93', 2523915981711), ('0xd9aAEc86B65D86f6A7B5B1b0c42FFA531710b6CA', 458511053)]",8453,Base,base,0.0,458.0,458.0
1769040000,0x4F9Dc2229f2357B27C22db56cB39582c854Ad6d5,88772.7585963899,0.00069080947970919,[],"[('0x4200000000000000000000000000000000000006', 40365384918827356), ('0x74ccbe53F77b08632ce0CB91D3A545bF6B8E0979', 7140172706330986647468)]",8453,Base,base,0.0,229.6,229.6
1769040000,0xffA3F8737C39e36dec4300B162c2153c67c8352f,9505.108190760047,7.3966533318711e-05,[],"[('0x4200000000000000000000000000000000000006', 3071778096809820), ('0xFF8adeC2221f9f4D8dfbAFa6B9a297d17603493D', 2121736390553514595572)]",8453,Base,base,0.0,21.72,21.72
1769040000,0x3f386Acc3A8E9194cF6279C219DF8DD3C5B71974,4994.95194852352,3.8869881705376e-05,[],"[('0x4200000000000000000000000000000000000006', 91153245518615), ('0xf34e0cff046e154CAfCae502C7541b9E5FD8C249', 232525201568836374)]",8453,Base,base,0.0,0.32,0.32
1769040000,0x84Ff3B6e2046579Fb2f2b891CE18eE10b5fbDbF2,218874.96381813532,0.00170598059942399,[],"[('0x2dAD3a13ef0C6366220f989157009e501e7938F8', 5223672363007266376224), ('0x4200000000000000000000000000000000000006', 41134533706186137)]",8453,Base,base,0.0,180.1,180.1
1769040000,0xbBf71AAD6E1F8D180D3B1D898528654c1d18b2fF,148874.11311371817,0.001149636389099043,[],"[('0x74ccbe53F77b08632ce0CB91D3A545bF6B8E0979', 18104641117111089206232), ('0x940181a94A35A4569E4529A3CDfB74e38FD98631', 1380125302591905803176)]",8453,Base,base,0.0,907.41,907.41
1769040000,0x688F778C51dB4D990bF1abaF8d33fD95e48C6641,5936.682599555367,4.6335353797205e-05,[],"[('0x2dAD3a13ef0C6366220f989157009e501e7938F8', 636604759239135015961), ('0x940181a94A35A4569E4529A3CDfB74e38FD98631', 57460852708615259484)]",8453,Base,base,0.0,33.28,33.28
1769040000,0x8E9154AC849e839d60299E85156bcb589De2693A,557.7272550892724,4.340146384301e-06,"[('0xea17Df5Cf6D172224892B5477A16ACb111182478', 1336059749)]","[('0x4621b7A9c75199271F773Ebd9A499dbd165c3191', 215107296046167406)]",8453,Base,base,0.0,0.21,0.21
1769040000,0x27a8Afa3Bd49406e48a074350fB7b2020c43B2bD,2071.625726012163,1.612120532356e-05,[],[],8453,Base,base,0.0,0.0,0.0
1769040000,0xcDAC0d6c6C59727a65F871236188350531885C43,3562824.580415655,0.026814656364557078,[],"[('0x4200000000000000000000000000000000000006', 2083739233353929094), ('0x833589fCD6eDb6E08f4c7C32D4f71b54bdA02913', 5350145912)]",8453,Base,base,0.0,11466.33,11466.33
1769040000,0x6cDcb1C4A4D1C3C6d054b27AC5B77e89eAFb971d,55916957.403187975,0.43087570202280717,"[('0x940181a94A35A4569E4529A3CDfB74e38FD98631', 400000000000000000000)]","[('0x833589fCD6eDb6E08f4c7C32D4f71b54bdA02913', 23143114847), ('0x940181a94A35A4569E4529A3CDfB74e38FD98631', 55993743459879994367903)]",8453,Base,base,181.36,48522.19,48703.55
1769040000,0x67b00B46FA4f4F24c03855c5C8013C0B938B3eEc,133.45415692912977,7.72243170373e-07,[],"[('0x50c5725949A6F0c72E6C4a641F24049A917DB0Cb', 184166510339382642)]",8453,Base,base,0.0,0.18,0.18
1769040000,0x61366A4e6b1DB1b85DD701f2f4BFa275EF271197,118208.32596151679,0.000982112216852225,[],"[('0xA3d1a8DEB97B111454B294E2324EfAD13a9d8396', 39534431365698578413), ('0xB79DD08EA68A908A97220C76d19A6aA9cBDE4376', 32161963)]",8453,Base,base,0.0,90.91,90.91
1769040000,0x9E8bfEB5c73F3f897BebdB49CC4161FecE0B0c55,40.01720717529765,3.11414287388e-07,[],"[('0x2Ae3F1Ec7F1F5012CFEab0185bfc7aa3cf0DEc22', 32716810529484), ('0x4200000000000000000000000000000000000006', 38236895094760)]",8453,Base,base,0.0,0.22,0.22
1769040000,0xCc16Bfda354353B2E03214d2715F514706Be044C,18626.358386157408,0.000174408602416072,[],"[('0x4200000000000000000000000000000000000006', 26601416781409)]",34443,Mode,mode,0.0,0.08,0.08
1769040000,0x0fba984c97539B3fb49ACDA6973288D0EFA903DB,56943.528746371354,0.000533192858174296,[],"[('0x4200000000000000000000000000000000000006', 3290356112192361), ('0xDfc7C877a950e49D2610114102175A06C2e3167a', 23626987757918949604998)]",34443,Mode,mode,0.0,17.49,17.49
1769040000,0x283bA4E204DFcB6381BCBf2cb5d0e765A2B57bC2,11640.74672432671,0.000108998566718125,[],"[('0xDfc7C877a950e49D2610114102175A06C2e3167a', 362949423173574646211)]",34443,Mode,mode,0.0,0.12,0.12
1769040000,0x690A74d2eC0175a69C0962B309E03021C0b5002E,1754.7031763195905,1.6427348819001e-05,[],"[('0x18470019bF0E94611f15852F7e93cf5D65BC34CA', 10261619247934903726099), ('0xDfc7C877a950e49D2610114102175A06C2e3167a', 1595904778395967914129)]",34443,Mode,mode,0.0,1.2,1.2
1769040000,0x90a0b21936785164103eb9AC7d76792EB5F6c49C,1299.75584880003,1.2168179208838e-05,[],[],34443,Mode,mode,0.0,0.0,0.0
1769040000,0x1349e6986084b65708D68A72C8EfCBD7Cf4D3FB2,3122.334320254599,2.9229906131109e-05,[],"[('0xDfc7C877a950e49D2610114102175A06C2e3167a', 43283567995522884)]",34443,Mode,mode,0.0,0.0,0.0
1769040000,0x70f531F133C7De52F0b06F193D862f5a8f17A0cF,25505.252791861003,0.000238819387100539,[],"[('0x66eEd5FF1701E6ed8470DC391F05e27B1d0657eb', 346485052789349577), ('0x8b2EeA0999876AAB1E7955fe01A5D261b570452C', 3802394771598533)]",34443,Mode,mode,0.0,0.21,0.21
1769040000,0xd65EaCAed50706254b5001f22963C8615968AF7d,4075.0965499822287,3.8157318744664e-05,[],"[('0x8b2EeA0999876AAB1E7955fe01A5D261b570452C', 129650238491289474)]",34443,Mode,mode,0.0,0.0,0.0
1769040000,0x0f53E9d4147c2073cc64a70FFc0fec9606E2EEb7,1845.3887393747948,1.7279252072134e-05,[],"[('0xA70266C8F8Cf33647dcFEE763961aFf418D9E1E4', 1849003467692912725)]",34443,Mode,mode,0.0,0.0,0.0
1769040000,0x30Cb11C8a432db32c5d05574EF311c1A7169726B,0.0,0.0,[],[],34443,Mode,mode,0.0,0.0,0.0
1769040000,0xeC466fCcE54BC5d6fB8BA2F5e9e962506cA423e8,4630.969222131763,0.000162195059267204,[],"[('0x59889b7021243dB5B1e065385F918316cD90D46c', 3043841950)]",34443,Mode,mode,0.0,0.0,0.0
1769040000,0xc24278d4EBAF9Cb050bC8f84D00309bdE4d36A9E,0.0,0.0,[],[],34443,Mode,mode,0.0,0.0,0.0
1769040000,0x3Adf15f77F2911f84b0FE9DbdfF43ef60D40012c,59525.6578733928,0.000557317259855309,[],"[('0x4200000000000000000000000000000000000006', 750136176602762), ('0xd988097fb8612cc24eeC14542bC03424c656005f', 2115409)]",34443,Mode,mode,0.0,4.32,4.32
1769040000,0x9c92aA1d12dE024E219884e133B58895C27d6610,1331.9908296610222,1.2470867107963e-05,[],"[('0xd988097fb8612cc24eeC14542bC03424c656005f', 783594), ('0xf0F161fDA2712DB8b566946122a5af183995e2eD', 793059)]",34443,Mode,mode,0.0,1.58,1.58
1769040000,0x72FEFFE6E649c2BCB6F9835fe99eb041EFcdB4b1,0.0,0.0,[],[],34443,Mode,mode,0.0,0.0,0.0
1769040000,0xc2026f3fb6fc51F4EcAE40a88b4509cB6C143ed4,11657.201381550913,0.000109142532001249,[],"[('0x4200000000000000000000000000000000000006', 435863698193775), ('0x7f9AdFbd38b669F03d1d11000Bc76b9AaEA28A81', 63941034015937928846)]",34443,Mode,mode,0.0,1.28,1.28
1769040000,0x5ccb6de93e8C41A39dA0Ee8cd58891a657aaFa5b,0.0,0.0,[],[],34443,Mode,mode,0.0,0.0,0.0
1769040000,0xD9417DA4F80775B7aCc9DEb3Bf27Da08f26006Ac,83.9897469054948,7.86352695538e-07,[],[],34443,Mode,mode,0.0,0.0,0.0
1769040000,0x1E41CDE26b30646bb3DBBea48A63708b00470c1c,774048.1947019451,0.007247297868642514,[],"[('0x4200000000000000000000000000000000000006', 7016728084370068), ('0xDfc7C877a950e49D2610114102175A06C2e3167a', 50234322649664522160541)]",34443,Mode,mode,0.0,37.26,37.26
1769040000,0xEC1D7b7058dF61ef9401DB56DbF195388b77EABa,9775.258765165987,9.1524340227432e-05,[],"[('0xA70266C8F8Cf33647dcFEE763961aFf418D9E1E4', 2884454312056645160), ('0xDfc7C877a950e49D2610114102175A06C2e3167a', 95446781283937261210)]",34443,Mode,mode,0.0,0.03,0.03
1769040000,0xa2E74518fe27B0FC04Ea36024ea837d26cd09CDa,164.8265747241244,1.543237276293e-06,[],[],34443,Mode,mode,0.0,0.0,0.0
1769040000,0x8874846147AfF9a207d8f925a9Bc229e0eB0A4A6,5141.386069724968,4.8138057435669e-05,[],"[('0x8b2EeA0999876AAB1E7955fe01A5D261b570452C', 26708451552104744)]",34443,Mode,mode,0.0,0.0,0.0
1769040000,0xDaC26c3ffe00ad0656f8Cd8752186d2f7D9ae789,2439487.7885909947,0.022842159463173587,[],"[('0x1217BfE6c773EEC6cc4A38b5Dc45B92292B6E189', 67152369), ('0x4200000000000000000000000000000000000006', 25276035246973382)]",34443,Mode,mode,0.0,141.3,141.3
1769040000,0xEfe134Dc2BE0943A51C52bb2B2baC09Ab1152F95,750604.1315760512,0.007028286572026656,[],"[('0x1217BfE6c773EEC6cc4A38b5Dc45B92292B6E189', 8122741), ('0xd988097fb8612cc24eeC14542bC03424c656005f', 8446122)]",34443,Mode,mode,0.0,16.56,16.56
1769040000,0x79a7dBF4d7eA058F0d3B94db7fF86F1c1A7BDb25,375460.3189498998,0.003514915874365248,[],"[('0x4200000000000000000000000000000000000006', 442741022509570), ('0xac485391EB2d7D88253a7F1eF18C37f4242D1A24', 8387577535351406165)]",1135,Lisk,lisk,0.0,2.79,2.79
1769040000,0x5C2bb5Fcb384D7244e5892926985bF5Ec6cE3488,104633.5894167562,0.000979539636735479,[],"[('0x4200000000000000000000000000000000000006', 81436251759569)]",1135,Lisk,lisk,0.0,0.24,0.24
1769040000,0xe36926807aa151C89125057742656AF8669d4cB1,0.0,0.0,[],[],1135,Lisk,lisk,0.0,0.0,0.0
1769040000,0x076d0CD6228B042aA28E1E6A0894Cf6C97abc23b,12379.415647655449,0.00011589748610859,[],"[('0x3f608A49a3ab475dA7fBb167C1Be6b7a45cD7013', 7539697737394512)]",1135,Lisk,lisk,0.0,0.0,0.0
1769040000,0x77B2D6400d814588e33A6BFb344f8e47C0c4684A,20.723345897216365,1.94015585904e-07,[],[],1135,Lisk,lisk,0.0,0.0,0.0
1769040000,0xc24278d4EBAF9Cb050bC8f84D00309bdE4d36A9E,0.0,0.0,[],[],1135,Lisk,lisk,0.0,0.0,0.0
1769040000,0xd5AD706FeD32C436C68cC1E7C5429cA1A5Db42dA,19.977234315210282,1.8703530752e-07,[],"[('0x9BFA177621119e64CecbEabE184ab9993E2ef727', 15302562784)]",1135,Lisk,lisk,0.0,0.0,0.0
1769040000,0xD20fC13602c3F155B916A938Da181d7D4Cd91B37,0.0,0.0,[],[],1135,Lisk,lisk,0.0,0.0,0.0
1769040000,0xc2026f3fb6fc51F4EcAE40a88b4509cB6C143ed4,131545.75004411762,0.001231631694727096,[],"[('0x4200000000000000000000000000000000000006', 4763039461662991), ('0x7f9AdFbd38b669F03d1d11000Bc76b9AaEA28A81', 774939809788627039776)]",1135,Lisk,lisk,0.0,14.0,14.0
1769040000,0x25B559e6E64226C0A1637B8E94f3f4740fa0D562,375692.37230308016,0.003517483778877557,[],"[('0x05D032ac25d322df992303dCa074EE7392C117b9', 10648657), ('0x4200000000000000000000000000000000000006', 5006822407604697)]",1135,Lisk,lisk,0.0,25.35,25.35
1769040000,0x18Eb25a15eC48Db3C42A0F41EC0a716Ba6b54514,191812.7333878429,0.001795849664512984,[],[],1135,Lisk,lisk,0.0,0.0,0.0
1769040000,0xa913882766Af5fFD34E72Bdd646e8E8957Fe1842,24575831.231839847,0.24629373979701533,[],"[('0x4200000000000000000000000000000000000006', 92099351764333363), ('0xac485391EB2d7D88253a7F1eF18C37f4242D1A24', 1655818267826548896549)]",1135,Lisk,lisk,0.0,565.25,565.25
1769040000,0xDC1479FD1Db51cA0079ceCfaA879232e168c8246,7201317.192196315,0.06742244289646833,[],"[('0x4200000000000000000000000000000000000006', 94791619992813432)]",1135,Lisk,lisk,0.0,278.56,278.56
1769040000,0x9C69E0B64A63aA7daA0B5dc61Df3Cc77ea05BcB3,1229300.4696535328,0.019966077290845576,[],"[('0x4200000000000000000000000000000000000006', 7855765817936694), ('0x76D8de471F54aAA87784119c60Df1bbFc852C415', 52763482995442)]",1135,Lisk,lisk,0.0,23.28,23.28
1769040000,0x66EbF57B522C94274fC7a9A899EDe21b6A9D5A18,0.0,0.0,[],[],1135,Lisk,lisk,0.0,0.0,0.0
1769040000,0xDaC26c3ffe00ad0656f8Cd8752186d2f7D9ae789,3002418.831173355,0.028113260861650873,[],"[('0x1217BfE6c773EEC6cc4A38b5Dc45B92292B6E189', 60775542), ('0x4200000000000000000000000000000000000006', 24412725964247763)]",1135,Lisk,lisk,0.0,132.45,132.45
1769040000,0xC859c755E8C0568fD86F7860Bcf9A59D6F57BEB5,1998919.1717746623,0.02573998451462445,[],"[('0x43F2376D5D03553aE72F4A8093bbe9de4336EB08', 50118230), ('0xF242275d3a6527d877f2c927a82D9b057609cc71', 16590533)]",1135,Lisk,lisk,0.0,66.62,66.62
1769040000,0x915e897DafFBf232991a9ac1a35240318bF7e65D,20217386.261301704,0.21974148038869878,[],"[('0x4200000000000000000000000000000000000006', 140788849759578860), ('0x43F2376D5D03553aE72F4A8093bbe9de4336EB08', 266183362)]",1135,Lisk,lisk,0.0,679.63,679.63
1769040000,0x337F15c404d252e788D088bAA0dbb1F185465F55,3825134.6055262093,0.04283914824981716,[],"[('0x18Bc5bcC660cf2B9cE3cd51a404aFe1a0cBD3C22', 59455730), ('0x43F2376D5D03553aE72F4A8093bbe9de4336EB08', 4655407)]",1135,Lisk,lisk,0.0,39.99,39.99
1769040000,0x0c1a84a52628bF0542e3528f35BdcAAFE22a8b9A,205.4318836037293,1.923314639422e-06,[],"[('0x05D032ac25d322df992303dCa074EE7392C117b9', 1024998)]",1135,Lisk,lisk,0.0,1.02,1.02
1769040000,0xEa1BB3Bd0590ce0B04f701F7C3f2911440d56c70,113310.13944496612,0.0,[],[],1135,Lisk,lisk,0.0,0.0,0.0
1769040000,0xFF457eFE9A906CB4af830C22c2B36f15a9a77619,0.5979465283903546,5.598320594e-09,[],"[('0x8cf94b5A37b1835D634b7a3e6b1EE02Ce7F0CD30', 6675159445814), ('0xac485391EB2d7D88253a7F1eF18C37f4242D1A24', 5995531711567)]",1135,Lisk,lisk,0.0,0.0,0.0
1769040000,0x9788ABD076014dE9c04A2283c709BfF7778a6cF1,0.240314427283197,2.249962402e-09,[],"[('0x1b10E2270780858923cdBbC9B5423e29fffD1A44', 20086939183), ('0x76D8de471F54aAA87784119c60Df1bbFc852C415', 61012735327)]",1135,Lisk,lisk,0.0,0.0,0.0
1769040000,0x9665Df2b69163411D9b089F6C192F8CeB579FB57,12164.786100973592,0.000113893750229983,[],"[('0xa67E8B2E43B70D98E1896D3f9d563f3ABdB8Adcd', 102726953)]",1135,Lisk,lisk,0.0,0.0,0.0
1769040000,0xFD48e86D902F6724CE2Fe9846096b6018ED31343,118.8788378079277,1.112993902771e-06,[],"[('0x9BFA177621119e64CecbEabE184ab9993E2ef727', 19558082962)]",1135,Lisk,lisk,0.0,0.0,0.0
1769040000,0x5d8D16F7de8637499A730D09A363E2EADaF01Dce,1163686.4638399086,0.01089632979380658,[],"[('0x1217BfE6c773EEC6cc4A38b5Dc45B92292B6E189', 5265223), ('0x43F2376D5D03553aE72F4A8093bbe9de4336EB08', 4270890)]",1135,Lisk,lisk,0.0,9.53,9.53
1769040000,0x9067FB6AeFa1b3dbe64B0E290C17A19B050E3F15,567372.5629178076,0.005311735683477421,"[('0xFc00000000000000000000000000000000000002', 53071433688255925981)]","[('0xDcc0F2D8F90FDe85b10aC1c8Ab57dc0AE946A543', 4352753), ('0xFc00000000000000000000000000000000000001', 4142022121911755467)]",252,Fraxtal,fraxtal,43.76,8.46,52.22
1769040000,0x36138dA358b34D8061B0b0dce5BABAb7B8Fa9767,420585.89977755974,0.003937520560259373,"[('0xFc00000000000000000000000000000000000002', 30121239559031149593)]","[('0x5d3a1Ff2b6BAb83b63cd9AD0787074081a52ef34', 17906655882267082099), ('0xFc00000000000000000000000000000000000001', 18055967519241863730)]",252,Fraxtal,fraxtal,24.84,35.81,60.650000000000006
1769040000,0x784B4Bdf9257e8b69C21912Eb6B6917C609F4FAE,84091.39707483441,0.000787275751488625,[],"[('0x1509706a6c66CA549ff0cB464de88231DDBe213B', 291639980421889287), ('0xFC00000000000000000000000000000000000006', 19248949054886)]",252,Fraxtal,fraxtal,0.0,0.06,0.06
1769040000,0xE0bCE5fD63c12Cc2f8b55431Ff6552C7A8273535,112516.63275574839,0.001053396895391346,[],"[('0x331B9182088e2A7d6D3Fe4742AbA1fB231aEcc56', 5983129492702264353), ('0xFC00000000000000000000000000000000000006', 700596129331978)]",252,Fraxtal,fraxtal,0.0,4.13,4.13
1769040000,0xb43F6D14FeFA510F014cf90c8Ab110803bB28778,9135.160229511232,8.5524683675516e-05,[],"[('0x5BD5c0cB9E4404C63526433BcBd6d133C1d73ffE', 4495388264826011639262), ('0xFC00000000000000000000000000000000000006', 16573883794686)]",252,Fraxtal,fraxtal,0.0,0.05,0.05
1769040000,0xBD7131BdF425836706a60fF7788f75FAC3fD7D7C,0.0,0.0,[],[],252,Fraxtal,fraxtal,0.0,0.0,0.0
1769040000,0x436Ad937215A35E01055820d5Fd13bef991f3a1c,546769.6268440863,0.005119291419502187,"[('0xFc00000000000000000000000000000000000002', 15665445762229161942)]","[('0x211Cc4DD073734dA055fbF44a2b4667d5E5fE5d2', 304831659839338758), ('0xFc00000000000000000000000000000000000001', 518730283659037054)]",252,Fraxtal,fraxtal,12.92,0.89,13.81
1769040000,0x9F2b9Ff881f2c5d3262F6923D825293712A2945E,163.98629864506646,1.535390257661e-06,[],"[('0xFC00000000000000000000000000000000000005', 31667316633453), ('0xFC00000000000000000000000000000000000006', 36185759459303)]",252,Fraxtal,fraxtal,0.0,0.21,0.21
1769040000,0x8288Ac642114Db3e9c3Ead0976de4b9f693d01E4,267825.84186514735,0.002507573322376085,[],"[('0x2416092f143378750bb29b79eD961ab195CcEea5', 397918232604206), ('0xFC00000000000000000000000000000000000005', 318753187453950)]",252,Fraxtal,fraxtal,0.0,2.32,2.32
1769040000,0x6EE90D888E756c04CCf0306F5c0EF1293037cDa6,237318.4090013522,0.0,[],[],252,Fraxtal,fraxtal,0.0,0.0,0.0
1769040000,0xcACF50fe81b228bdEE8d3af2678d81B1Ac7C1734,210497.3762930893,0.001970843586365152,[],"[('0xacA9A33698cF96413A40A4eB9E87906ff40fC6CA', 1285919294968677), ('0xFc00000000000000000000000000000000000001', 1779885325521531)]",252,Fraxtal,fraxtal,0.0,0.0,0.0
1769040000,0xaB7d7E99b9AAEfC72345DCfa3DCAb9843249009A,210248.14990050983,0.00196849059858422,[],"[('0x8e9C334afc76106F08E0383907F4Fca9bB10BA3e', 976879103900629870), ('0xFc00000000000000000000000000000000000001', 1092974311795264971)]",252,Fraxtal,fraxtal,0.0,1.99,1.99
1769040000,0x02e7480Ffb8fe71D0cbE696E1AA10459afFeD420,212228.1435752335,0.001987048404009791,[],"[('0xc38173D34afaEA88Bc482813B3CD267bc8A1EA83', 518956228296940708), ('0xFc00000000000000000000000000000000000001', 43682175551503277)]",252,Fraxtal,fraxtal,0.0,0.11,0.11
1769040000,0x3BBdBAD64b383885031c4d9C8Afe0C3327d79888,907824.854962215,0.008499833394545494,"[('0xFc00000000000000000000000000000000000002', 10314989325844323415)]","[('0xFc00000000000000000000000000000000000001', 64917261836853441404), ('0xFC00000000000000000000000000000000000006', 20987559992899922)]",252,Fraxtal,fraxtal,8.51,125.92,134.43
1769040000,0xd335C616C8aa60CaB2345052f9D7D62Eb722f320,362869.2518512731,0.003397492553635321,[],"[('0xFc00000000000000000000000000000000000002', 36483734288210220315), ('0xFC00000000000000000000000000000000000006', 13084421735401705)]",252,Fraxtal,fraxtal,0.0,68.42,68.42
1769040000,0xF1888F340B7eA2C161E93D028fB13c049fb16876,121731.82948355882,0.001139757590649505,[],"[('0x7f9AdFbd38b669F03d1d11000Bc76b9AaEA28A81', 102746034804670874822), ('0xFC00000000000000000000000000000000000006', 736184588286991)]",252,Fraxtal,fraxtal,0.0,2.16,2.16
1769040000,0x006faFE300BD4eCe193084f306b37FfdaeCF2f52,750610.4270855116,0.003514167775251506,[],"[('0x1217BfE6c773EEC6cc4A38b5Dc45B92292B6E189', 22958491), ('0xFC00000000000000000000000000000000000006', 8277208921866887)]",252,Fraxtal,fraxtal,0.0,47.18,47.18
1769040000,0xbc281936dEfEcBdFF3DD9137778d9Ea291dB7865,943621.8778157857,0.008835521792339245,"[('0xFc00000000000000000000000000000000000002', 14941911183900278977)]","[('0x1217BfE6c773EEC6cc4A38b5Dc45B92292B6E189', 6018467), ('0xFc00000000000000000000000000000000000001', 5107702626946602577)]",252,Fraxtal,fraxtal,12.32,11.08,23.4
1769040000,0xEB020acF5EDEA9bD3dB2D177126022de1C6F694B,16616938.174264645,0.1555706791654508,[],"[('0x4200000000000000000000000000000000000006', 40352222697240837), ('0x51E85d70944256710cb141847F1a04f568C1Db0e', 69455979)]",1750,Metal L2,metal,0.0,0.0,0.0
1769040000,0xd9319A89885F2328E1df33FD10908E68b9683d86,2192.2081901216225,2.0523836186468e-05,[],"[('0x51E85d70944256710cb141847F1a04f568C1Db0e', 645630), ('0xBCFc435d8F276585f6431Fc1b9EE9A850B5C00A9', 23145699)]",1750,Metal L2,metal,0.0,0.0,0.0
1769040000,0x516DF427d03bCDD5B07481b134128cBdD6b9e399,20380868.411616683,0.1909330945341703,[],"[('0x4200000000000000000000000000000000000006', 23754670194327174), ('0xBCFc435d8F276585f6431Fc1b9EE9A850B5C00A9', 18201603780)]",1750,Metal L2,metal,0.0,0.0,0.0
1769040000,0xc24278d4EBAF9Cb050bC8f84D00309bdE4d36A9E,0.0,0.0,[],[],1750,Metal L2,metal,0.0,0.0,0.0
1769040000,0x7E6e52efaE5386804Fb922211CeE7d22AD87E378,0.0,0.0,[],[],1750,Metal L2,metal,0.0,0.0,0.0
1769040000,0xc2026f3fb6fc51F4EcAE40a88b4509cB6C143ed4,5791.453519229894,5.4224724708614e-05,[],"[('0x4200000000000000000000000000000000000006', 29997796018879), ('0x7f9AdFbd38b669F03d1d11000Bc76b9AaEA28A81', 14908904621382468814)]",1750,Metal L2,metal,0.0,0.0,0.0
1769040000,0xD53F254C8a0B871C6A260cC290144f579035315a,452640.85366418667,0.004237590656094019,[],"[('0x1217BfE6c773EEC6cc4A38b5Dc45B92292B6E189', 2495224), ('0x51E85d70944256710cb141847F1a04f568C1Db0e', 3183860)]",1750,Metal L2,metal,0.0,0.0,0.0
1769040000,0xDaC26c3ffe00ad0656f8Cd8752186d2f7D9ae789,1203250.0460909565,0.01302207410766444,[],"[('0x1217BfE6c773EEC6cc4A38b5Dc45B92292B6E189', 45750250), ('0x4200000000000000000000000000000000000006', 18340677502774267)]",1750,Metal L2,metal,0.0,0.0,0.0
1769040000,0x47b0AcA6834c5561489C3769506A0Cd7468D1968,3161.2729372462295,2.9596487587034e-05,[],"[('0x09D9420332bff75522a45FcFf4855F82a0a3ff50', 458956006344353173), ('0x4200000000000000000000000000000000000006', 13676839521051)]",57073,Ink,ink,0.0,0.04,0.04
1769040000,0xc24278d4EBAF9Cb050bC8f84D00309bdE4d36A9E,0.0,0.0,[],[],57073,Ink,ink,0.0,0.0,0.0
1769040000,0x67ce303f24b3841698891Cece349072856B80A9C,7302619.414484816,0.06923553681186151,[],"[('0x4200000000000000000000000000000000000006', 84781496313543790), ('0xF1815bd50389c46847f0Bda824eC8da914045D14', 221717255)]",57073,Ink,ink,0.0,470.04,470.04
1769040000,0xc2026f3fb6fc51F4EcAE40a88b4509cB6C143ed4,582224.5864024466,0.00545135708700068,[],"[('0x4200000000000000000000000000000000000006', 20230108760316655), ('0x7f9AdFbd38b669F03d1d11000Bc76b9AaEA28A81', 5111137182743095786576)]",57073,Ink,ink,0.0,59.27,59.27
1769040000,0xaC7fC3e9b9d3377a90650fe62B858fF56bD841C9,111553216.14489362,1.025773608891936,[],"[('0x0200C29006150606B650577BBE7B6248F58470c1', 3785733481), ('0x4200000000000000000000000000000000000006', 1527312675020889812)]",57073,Ink,ink,0.0,8257.13,8257.13
1769040000,0x317728bcCE5d1C2895b71b01eEBbB6989ae504aE,1118180.7105062422,0.010469712556772651,[],"[('0x0200C29006150606B650577BBE7B6248F58470c1', 53381153), ('0xF1815bd50389c46847f0Bda824eC8da914045D14', 51190105)]",57073,Ink,ink,0.0,104.51,104.51
1769040000,0xeDaFd349bDac6bAaefC13d06b3Aa2Db779534656,13645451.771970589,0.1294794196042223,[],"[('0x4200000000000000000000000000000000000006', 352053526257100529), ('0x73E0C0d45E048D25Fc26Fa3159b0aA04BfA4Db98', 966853)]",57073,Ink,ink,0.0,1886.85,1886.85
1769040000,0xDCF119Db83668e8724474dC05F6507CC7430120f,20512036.85638692,0.19206839978965165,[],"[('0x0200C29006150606B650577BBE7B6248F58470c1', 873751961), ('0x73E0C0d45E048D25Fc26Fa3159b0aA04BfA4Db98', 1013672)]",57073,Ink,ink,0.0,1769.8,1769.8
1769040000,0x31826a86cD62c6FA12A0a8441eC4C8BCfeE8A453,6902161.894363396,0.06462309296736575,[],"[('0x0200C29006150606B650577BBE7B6248F58470c1', 480405851), ('0xe343167631d89B6Ffc58B88d6b7fB0228795491D', 208892524)]",57073,Ink,ink,0.0,688.78,688.78
1769040000,0xA304A3ed0Df1f8D797B281c4f12Bc3eefa49adAF,25235266.12589433,0.23887149351090042,[],"[('0x4200000000000000000000000000000000000006', 437062939380613770), ('0xe343167631d89B6Ffc58B88d6b7fB0228795491D', 962232514)]",57073,Ink,ink,0.0,2242.32,2242.32
1769040000,0xAd95F3aF523D83F00679764DbEFB07DDce15d1E1,3601446.0517708003,0.02393113369356039,[],"[('0x73E0C0d45E048D25Fc26Fa3159b0aA04BfA4Db98', 1063742), ('0xe343167631d89B6Ffc58B88d6b7fB0228795491D', 435146650)]",57073,Ink,ink,0.0,1376.08,1376.08
1769040000,0xA4c27bc65e379Cb7F534be7a050E764E245e16f9,7734.579045746511,7.2419666103912e-05,[],"[('0x4200000000000000000000000000000000000006', 91142067955290), ('0xa10d8aC477c04DA695ef3b11fb577BBcac654EBB', 132878974276488)]",57073,Ink,ink,0.0,0.27,0.27
1769040000,0x09eF0f1C7f9E5320315Be73767A4774922A190De,0.0,0.0,[],[],57073,Ink,ink,0.0,0.0,0.0
1769040000,0x3170b9355F1057F457FEdF4c8074946659Dc92D2,3.8785321390726284,3.6316179913e-08,[],"[('0xaE4EFbc7736f963982aACb17EFA37fCBAb924cB3', 11026023792)]",57073,Ink,ink,0.0,0.0,0.0
1769040000,0x5A7e713bb6F9C5e037465BaDdFd4c34BdEF7a9C7,2321793.84913403,0.018223366523038746,[],"[('0x0200C29006150606B650577BBE7B6248F58470c1', 72817949), ('0x1217BfE6c773EEC6cc4A38b5Dc45B92292B6E189', 74890570)]",57073,Ink,ink,0.0,147.56,147.56
1769040000,0xDaC26c3ffe00ad0656f8Cd8752186d2f7D9ae789,8627531.084267842,0.05968911450356996,[],"[('0x1217BfE6c773EEC6cc4A38b5Dc45B92292B6E189', 338663947), ('0x4200000000000000000000000000000000000006', 111370880005605010)]",57073,Ink,ink,0.0,664.59,664.59
1769040000,0x264E85C174E3dB83a61C626A56112A8c3Bc312Fe,50595.16750850451,0.000473737204512616,[],"[('0x0606FC632ee812bA970af72F8489baAa443C4B98', 1888134274889394052836), ('0x4200000000000000000000000000000000000006', 479585145465795)]",57073,Ink,ink,0.0,2.96,2.96
1769040000,0xEEAA1c0265Ee75964d17879a8F39F3e6fE8D8116,0.0,0.0,[],[],57073,Ink,ink,0.0,0.0,0.0
1769040000,0x62C92624B8583156FC9345A7a0ED8a1F6A9Ad848,4448154.062933832,0.04498817070493794,[],"[('0x0200C29006150606B650577BBE7B6248F58470c1', 235021427), ('0x2D270e6886d130D724215A266106e6832161EAEd', 213007491)]",57073,Ink,ink,0.0,447.74,447.74
1769040000,0xCC7C17Cc1e74016FcCD8EF413Ca811595f76C67A,5341883.726941697,0.051462182254480834,[],"[('0x2D270e6886d130D724215A266106e6832161EAEd', 164151323), ('0x4200000000000000000000000000000000000006', 64253147030590050)]",57073,Ink,ink,0.0,352.34,352.34
1769040000,0x68Ea2123cE20514127B07378773f617491E290cC,4322339.443175053,0.04756835506736473,[],"[('0x0200C29006150606B650577BBE7B6248F58470c1', 90618119), ('0xfc421aD3C883Bf9E7C4f42dE845C4e4405799e73', 25162860063760770577)]",57073,Ink,ink,0.0,115.69,115.69
1769040000,0xF77cc94aF0592754054B376EA8E794f82dA47e8D,0.0,0.0,[],[],57073,Ink,ink,0.0,0.0,0.0
1769040000,0xc0A466F67451783efaDa2530b471B421311D402c,0.0,0.0,[],[],57073,Ink,ink,0.0,0.0,0.0
1769040000,0x2a487cFadb62E6b6C358DB1dFdF319B38b3c7a8d,0.0,0.0,[],[],57073,Ink,ink,0.0,0.0,0.0
1769040000,0xad052264350AC11cdEF4d4b046164674b46CF5C8,0.0,0.0,[],[],57073,Ink,ink,0.0,0.0,0.0
1769040000,0x72FEFFE6E649c2BCB6F9835fe99eb041EFcdB4b1,0.0,0.0,[],[],57073,Ink,ink,0.0,0.0,0.0
1769040000,0xF9349C5aF43D2abC2758e90Cfb341722116fac38,0.0,0.0,[],[],57073,Ink,ink,0.0,0.0,0.0
1769040000,0x182fB127F9063738ea6b93103EaA29F272160D8d,0.0,0.0,[],[],57073,Ink,ink,0.0,0.0,0.0
1769040000,0xCE2DBFe5a966470e8FdbE600661dCda687BdF5F9,8682.468386447346,8.128705522281e-05,[],"[('0x4200000000000000000000000000000000000006', 722088537797964), ('0xbA9986D2381edf1DA03B0B9c1f8b00dc4AacC369', 1430276)]",1868,Soneium,soneium,0.0,3.55,3.55
1769040000,0xc24278d4EBAF9Cb050bC8f84D00309bdE4d36A9E,0.0,0.0,[],[],1868,Soneium,soneium,0.0,0.0,0.0
1769040000,0xebb7B9a2C1E930A761a2B41f4046971556e334d4,0.0,0.0,[],[],1868,Soneium,soneium,0.0,0.0,0.0
1769040000,0x5441c4c5cc00D33bd9409F742D511Ee01db1667B,4580358.726866115,0.04288580659396573,"[('0xbA9986D2381edf1DA03B0B9c1f8b00dc4AacC369', 1000)]","[('0x4200000000000000000000000000000000000006', 85611889298542582), ('0xbA9986D2381edf1DA03B0B9c1f8b00dc4AacC369', 264952054)]",1868,Soneium,soneium,0.0,516.28,516.28
1769040000,0xc2026f3fb6fc51F4EcAE40a88b4509cB6C143ed4,197205.37986976292,0.001846430003566706,[],"[('0x4200000000000000000000000000000000000006', 13352195117028822), ('0x7f9AdFbd38b669F03d1d11000Bc76b9AaEA28A81', 1929908786712488194298)]",1868,Soneium,soneium,0.0,39.21,39.21
1769040000,0xB44795454376C7127f89B1cC0d56F403E70CA952,563387.9176916919,0.005274989736892113,[],"[('0x2CAE934a1e84F693fbb78CA5ED3B0A6893259441', 1018377786544253613696), ('0x4200000000000000000000000000000000000006', 3402112432797646)]",1868,Soneium,soneium,0.0,20.9,20.9
1769040000,0x3844fDD68fD40319f977e9d8f15e7f5d61131ec2,93559.37646925551,0.001745470806142821,[],"[('0x3A337a6adA9d885b6Ad95ec48F9b75f197b5AE35', 13525770), ('0xbA9986D2381edf1DA03B0B9c1f8b00dc4AacC369', 12812419)]",1868,Soneium,soneium,0.0,26.24,26.24
1769040000,0xb86BA674b07d3a3e399BAf58B322dD7c35B7c4ab,10660.614558159183,9.981710050984e-05,[],"[('0x3A337a6adA9d885b6Ad95ec48F9b75f197b5AE35', 3229818), ('0x4200000000000000000000000000000000000006', 1071427143093964)]",1868,Soneium,soneium,0.0,6.35,6.35
1769040000,0x017B7477129d43d3AF587843b40c2aCB10DeDa0A,871.6982926562517,8.161855549474e-06,[],"[('0x2CAE934a1e84F693fbb78CA5ED3B0A6893259441', 257515619032709765), ('0x60336f9296C79dA4294A19153eC87F8E52158e5F', 213606570060969786)]",1868,Soneium,soneium,0.0,0.01,0.01
1769040000,0xC2c36a4220dA01BBEc5dD17fA7fA6824eaaaF1ca,0.0,0.0,[],[],1868,Soneium,soneium,0.0,0.0,0.0
1769040000,0x9Ef361E9a9C7962dCcd57fd508725F409E9E5906,1661.1757787922195,1.5554121301043e-05,[],"[('0x19a80F5DFE30bdf19054716E221539FC040f3b72', 131475832633525544), ('0x2CAE934a1e84F693fbb78CA5ED3B0A6893259441', 106792915244877221)]",1868,Soneium,soneium,0.0,0.0,0.0
1769040000,0x1Fa2D7400330E0BEA7104D4FD1Afb304099e13bD,725.3480640956703,6.791666431967e-06,[],"[('0x4200000000000000000000000000000000000006', 672881309582098), ('0xda14b3B7aEF494b8c37ed9710d14e44D490316fa', 316703918980613)]",1868,Soneium,soneium,0.0,2.98,2.98
1769040000,0x474e2710DB4D8AADBA33af61Ba86392edDebd538,7860.709983028673,7.3602347294784e-05,[],"[('0x4200000000000000000000000000000000000006', 741116949449192), ('0x54e86315C03217b76A7466C302245fD10ebEf25A', 668361701783717)]",1868,Soneium,soneium,0.0,4.34,4.34
1769040000,0xDaC26c3ffe00ad0656f8Cd8752186d2f7D9ae789,1501213.2372945803,0.014056666215530119,[],"[('0x1217BfE6c773EEC6cc4A38b5Dc45B92292B6E189', 29466905), ('0x4200000000000000000000000000000000000006', 11881635928402726)]",1868,Soneium,soneium,0.0,64.33,64.33
1769040000,0x378fBADc44055075Cc190091a9E890baDF848A52,198806.98403022767,0.003600582916922486,[],"[('0x102d758f688a4C1C5a80b116bD945d4455460282', 18016811), ('0x4200000000000000000000000000000000000006', 6267624040310430)]",1868,Soneium,soneium,0.0,36.41,36.41
1769040000,0x0030f9872caAC56c1E81f699F58991718d6beE04,185878.01382774365,0.001740113103454976,[],"[('0x102d758f688a4C1C5a80b116bD945d4455460282', 10059911), ('0xbA9986D2381edf1DA03B0B9c1f8b00dc4AacC369', 10034886)]",1868,Soneium,soneium,0.0,20.08,20.08
1769040000,0xfeF40EB3d830cb762f9735B9b77eE3c74AC616a1,475906.27977436566,0.004455783018756412,[],"[('0x2CAE934a1e84F693fbb78CA5ED3B0A6893259441', 1033246641740451481359), ('0x3b0DC2daC9498A024003609031D973B1171dE09E', 2328833355153819436022)]",1868,Soneium,soneium,0.0,38.23,38.23
1769040000,0xC6b8E3559feb231d7769c12872FFBE95c3E20Ff7,1632887.8189670078,0.018841751168481583,[],"[('0x4200000000000000000000000000000000000006', 58376891849045899)]",1868,Soneium,soneium,0.0,171.44,171.44
1769040000,0xd10442224899Ba54bD2b9a3d8953B29BA162FBbf,29711.612865564835,0.000278162552160848,[],"[('0x541FD749419CA806a8bc7da8ac23D346f2dF8B77', 1422098248508), ('0xCC0966D8418d412c599A6421b760a847eB169A8c', 688996979138)]",1868,Soneium,soneium,0.0,0.19,0.19
1769040000,0x8C37510C068e3F55DD849aA3197Ec2CD92F70770,4.19100890767311,0.0,[],[],1868,Soneium,soneium,0.0,0.0,0.0
1769040000,0x9d89192797F6b0D6F69ddeeDB0c343bEc2dc40b4,0.002051868251113382,1.9210012e-11,[],"[('0x541FD749419CA806a8bc7da8ac23D346f2dF8B77', 192481945684)]",1868,Soneium,soneium,0.0,0.02,0.02
1769040000,0x444e042B982bfcB39bf9513362BA6eadC0338989,789600.9578481487,0.007392479954380506,[],"[('0x2CAE934a1e84F693fbb78CA5ED3B0A6893259441', 2318666607287105419825), ('0xbA9986D2381edf1DA03B0B9c1f8b00dc4AacC369', 24345667)]",1868,Soneium,soneium,0.0,49.17,49.17
1769040000,0xCD80Af2043e233A56700A32e75312aaaa13677D8,4194.714774056396,3.9276459030957e-05,[],"[('0x4200000000000000000000000000000000000006', 414596227814509), ('0xaA9BD8c957D803466FA92504BDd728cC140f8941', 117731486595277)]",1868,Soneium,soneium,0.0,1.22,1.22
1769040000,0xe424d12BEFA0466AAbEF82CB401534339ff2E838,1126094.652224955,0.01054398519456974,[],"[('0x1217BfE6c773EEC6cc4A38b5Dc45B92292B6E189', 12702345), ('0xbA9986D2381edf1DA03B0B9c1f8b00dc4AacC369', 8440160)]",1868,Soneium,soneium,0.0,21.13,21.13
1769040000,0xb45A46AAC62E4C5C31D63ecB5C1BE7b12f7a8d57,0.0023878280210639,2.2355854e-11,[],"[('0xb1b385542B6E80F77B94393Ba8342c3Af699f15c', 39188290377995970)]",1868,Soneium,soneium,0.0,0.04,0.04
1769040000,0x21b3D5D4701A8A56EED9b28e4fefc3902Cc6039C,102.34552234022077,9.58217864401e-07,[],"[('0x2a52B289bA68bBd02676640aA9F605700c9e5699', 130000000000004), ('0xb1b385542B6E80F77B94393Ba8342c3Af699f15c', 2000223300449934381)]",1868,Soneium,soneium,0.0,2.0,2.0
1769040000,0xc24278d4EBAF9Cb050bC8f84D00309bdE4d36A9E,0.0,0.0,[],[],5330,Superseed,superseed,0.0,0.0,0.0
1769040000,0x9e374285AcC74D3963f619760E46AB1AF41672ee,106938.51639286318,0.001001286359969554,[],"[('0x4200000000000000000000000000000000000006', 1581419544418423), ('0xC316C8252B5F2176d0135Ebb0999E99296998F2e', 3576784)]",5330,Superseed,superseed,0.0,0.0,0.0
1769040000,0x6210eae429D2300b5E92E6E38C2D0356878460F6,38132.5372679312,0.000357042445746501,[],"[('0x4200000000000000000000000000000000000006', 126347634554695)]",5330,Superseed,superseed,0.0,0.0,0.0
1769040000,0xc2026f3fb6fc51F4EcAE40a88b4509cB6C143ed4,38079.81932648222,0.0,[],[],5330,Superseed,superseed,0.0,0.0,0.0
1769040000,0x5d99199a08B33F7113e9a4ce07eD44CF9a315737,38421.31467058813,0.000359746325359769,[],[],5330,Superseed,superseed,0.0,0.0,0.0
1769040000,0xDaC26c3ffe00ad0656f8Cd8752186d2f7D9ae789,1876605.9788357576,0.017571902666556553,[],"[('0x1217BfE6c773EEC6cc4A38b5Dc45B92292B6E189', 37309934), ('0x4200000000000000000000000000000000000006', 14079829314673369)]",5330,Superseed,superseed,0.0,0.0,0.0
1769040000,0x42b0012CDB35cC40710fe91658b8039B3280f15d,225746.3767743418,0.002113805606171034,[],"[('0xC316C8252B5F2176d0135Ebb0999E99296998F2e', 713660)]",5330,Superseed,superseed,0.0,0.0,0.0
1769040000,0x9e9b8e685A192729E7015Cb61745786b7bd8E197,1548920.757611196,0.01450145866434815,[],"[('0x4200000000000000000000000000000000000006', 268527496443420), ('0x6EA1fFcbD7F5D210dB07D9E773862B0512fA219B', 2874539025749574723565)]",5330,Superseed,superseed,0.0,0.0,0.0
1769040000,0x269f196191bd454bD6A4802b194091cA22e5f449,61389.633768472675,0.000574740479799746,[],"[('0x6EA1fFcbD7F5D210dB07D9E773862B0512fA219B', 1041109866043774125698)]",5330,Superseed,superseed,0.0,0.0,0.0
1769040000,0xeab009A8f12F059FA028dee5e9e516A0C150BD41,19712.32753178117,0.000184552086382056,[],"[('0x2826D136F5630adA89C1678b64A61620Aab77Aea', 1212599394874478460340), ('0x5d3a1Ff2b6BAb83b63cd9AD0787074081a52ef34', 1701746763937379426)]",1923,Swell,swell,0.0,0.0,0.0
1769040000,0x6F96C6F73147DB99716A0328eda2b6bfF136CdB8,33872.927178563965,0.000317127410377733,[],"[('0x4200000000000000000000000000000000000006', 1027941061169117), ('0x5d3a1Ff2b6BAb83b63cd9AD0787074081a52ef34', 3077326592635781768)]",1923,Swell,swell,0.0,0.0,0.0
1769040000,0xFfFB9B7509da106c5542C71cB314C1CF38D37F36,32681.761268362556,0.000307004495804202,[],"[('0x4200000000000000000000000000000000000006', 1399998449922686), ('0x7f9AdFbd38b669F03d1d11000Bc76b9AaEA28A81', 287585278212120328416)]",1923,Swell,swell,0.0,0.0,0.0
1769040000,0x5cf08c03f28a0134B55C790f804FaCA52a86d23B,11.347638316957099,1.06239275765e-07,[],"[('0xc2606AADe4bdd978a4fa5a6edb3b66657acEe6F8', 37949474059435)]",1923,Swell,swell,0.0,0.0,0.0
1769040000,0xc24278d4EBAF9Cb050bC8f84D00309bdE4d36A9E,0.0,0.0,[],[],1923,Swell,swell,0.0,0.0,0.0
1769040000,0xF1C0e9F805270De0BCe9cfec5A8395c7c65Fe254,111632.90213787986,0.001045157848539575,[],"[('0x5d3a1Ff2b6BAb83b63cd9AD0787074081a52ef34', 535309833661194558), ('0x9ab96A4668456896d45c301Bc3A15Cee76AA7B8D', 1382370)]",1923,Swell,swell,0.0,0.0,0.0
1769040000,0x1bDcA37546f2B389F5928EE84b9fdBf08A55ddF7,208741.87869405662,0.001954336120067233,[],"[('0x18d33689AE5d02649a859A1CF16c9f0563975258', 1101890789732545), ('0x9ab96A4668456896d45c301Bc3A15Cee76AA7B8D', 1407659)]",1923,Swell,swell,0.0,0.0,0.0
1769040000,0x22c360c7D52925A02a07FD6814eb02bb3a9bEBB0,156.4052407718804,1.464472404511e-06,[],"[('0x4200000000000000000000000000000000000006', 31817866758), ('0x7c98E0779EB5924b3ba8cE3B17648539ed5b0Ecc', 98509380212)]",1923,Swell,swell,0.0,0.0,0.0
1769040000,0x818eC3274C43A45Ca588b485794644438a3F4653,9398.789318705007,8.8005623714408e-05,[],"[('0x4200000000000000000000000000000000000006', 15898956828092), ('0xA6cB988942610f6731e664379D15fFcfBf282b44', 14898815601557)]",1923,Swell,swell,0.0,0.0,0.0
1769040000,0x27BaE97405D3E23c87aa2F9041c6896af1aD8747,47.529657969856586,4.4504425546e-07,[],"[('0x2416092f143378750bb29b79eD961ab195CcEea5', 501992468130), ('0x7c98E0779EB5924b3ba8cE3B17648539ed5b0Ecc', 52284436255)]",1923,Swell,swell,0.0,0.0,0.0
1769040000,0xf495610d64FA6a32C5F968c947028f9C7Cacfb19,2684658.0223295526,0.02513731362101427,[],"[('0x18d33689AE5d02649a859A1CF16c9f0563975258', 635000830037726), ('0x4200000000000000000000000000000000000006', 1339473162852432)]",1923,Swell,swell,0.0,0.0,0.0
1769040000,0xd91A9926C9eDB79D30D9950c8375575ebEcF2486,0.0,0.0,[],[],1923,Swell,swell,0.0,0.0,0.0
1769040000,0x483797023007248E23D7914eF3C6804053D8d15C,15369.622915449274,0.000143884530113897,[],"[('0x4200000000000000000000000000000000000006', 23384440)]",1923,Swell,swell,0.0,0.0,0.0
1769040000,0xd2e582fcBE1cE1952a0BE52C8A5eB41445ABFdb5,101.1298969536702,9.46798900089e-07,[],"[('0x5d3a1Ff2b6BAb83b63cd9AD0787074081a52ef34', 121045039330176947)]",1923,Swell,swell,0.0,0.0,0.0
1769040000,0xC00b58BF1CD26907E10F244c790eadDa4Bb0F234,255.60218987461812,2.392976542146e-06,[],"[('0x5d3a1Ff2b6BAb83b63cd9AD0787074081a52ef34', 8445030363056784)]",1923,Swell,swell,0.0,0.0,0.0
1769040000,0x378fBADc44055075Cc190091a9E890baDF848A52,228.5467221857962,2.139680200875e-06,[],"[('0x102d758f688a4C1C5a80b116bD945d4455460282', 614664), ('0x4200000000000000000000000000000000000006', 6557089814333)]",1923,Swell,swell,0.0,0.0,0.0
1769040000,0x870177d19151F102E519F145d8cf5965Ae43c288,3707.8996856724343,3.4714693719262e-05,[],"[('0x0000bAa0b1678229863c0A941C1056b83a1955F5', 136508187828192699), ('0x5d3a1Ff2b6BAb83b63cd9AD0787074081a52ef34', 145976549298546862)]",1923,Swell,swell,0.0,0.0,0.0
1769040000,0xb05332E52A7eC8546b0787932B4c4E83B4730474,11003.541338589215,0.000103019121275686,[],"[('0x0000bAa0b1678229863c0A941C1056b83a1955F5', 354212352999379345), ('0x4200000000000000000000000000000000000006', 183343464286944)]",1923,Swell,swell,0.0,0.0,0.0
1769040000,0x80278bcAd30d2a033c46558e927F3596e4B584D1,1555.6973368064612,1.4564999364947e-05,[],"[('0x0000bAa0b1678229863c0A941C1056b83a1955F5', 539765195297531804)]",1923,Swell,swell,0.0,0.0,0.0
1769040000,0xeb5A50af8ab6Bd56C71E1376a1455ad2B6E130Be,562953.2722565504,0.007027358198416413,[],"[('0x1217BfE6c773EEC6cc4A38b5Dc45B92292B6E189', 922537), ('0x5d3a1Ff2b6BAb83b63cd9AD0787074081a52ef34', 5068352532053127368)]",1923,Swell,swell,0.0,0.0,0.0
1769040000,0xDaC26c3ffe00ad0656f8Cd8752186d2f7D9ae789,1877624.7875821446,0.017580046810116046,[],"[('0x1217BfE6c773EEC6cc4A38b5Dc45B92292B6E189', 50237809), ('0x4200000000000000000000000000000000000006', 19591904402275081)]",1923,Swell,swell,0.0,0.0,0.0
1769040000,0xc24278d4EBAF9Cb050bC8f84D00309bdE4d36A9E,0.0,0.0,[],[],130,Unichain,unichain,0.0,0.0,0.0
1769040000,0x5438e884c621d5db08fA605B53ca04c5B33a623A,13477507.488396667,0.12619672730310516,[],"[('0x078D782b760474a361dDA0AF3839290b0EF57AD6', 565329822), ('0x4200000000000000000000000000000000000006', 180193752357809251)]",130,Unichain,unichain,0.0,1094.1,1094.1
1769040000,0xc2026f3fb6fc51F4EcAE40a88b4509cB6C143ed4,77148.87488290675,0.003330883019017201,[],"[('0x4200000000000000000000000000000000000006', 5542260965152631), ('0x7f9AdFbd38b669F03d1d11000Bc76b9AaEA28A81', 880760452404417628981)]",130,Unichain,unichain,0.0,16.27,16.27
1769040000,0xDaC26c3ffe00ad0656f8Cd8752186d2f7D9ae789,2955516.41706822,0.027674225665392016,[],"[('0x1217BfE6c773EEC6cc4A38b5Dc45B92292B6E189', 88237716), ('0x4200000000000000000000000000000000000006', 29238759572405898)]",130,Unichain,unichain,0.0,173.97,173.97
1769040000,0x31bAfd5D04580F71a808ae646BB787d38e9362f9,1459104.9981741505,0.01626803919305952,[],"[('0x078D782b760474a361dDA0AF3839290b0EF57AD6', 49402467), ('0x9151434b16b9763660705744891fA906F660EcC5', 51731178)]",130,Unichain,unichain,0.0,101.04,101.04
1769040000,0x41Efd838041eE4D530C9a6826b65Be88f2aec999,640.7676494497655,5.999028316067e-06,[],"[('0x4200000000000000000000000000000000000006', 10077545334989)]",130,Unichain,unichain,0.0,0.03,0.03
1769040000,0x9D9eE4DCa4B15Ae69Ad1F93fcE1C6896A7e13aB1,0.0,0.0,[],[],130,Unichain,unichain,0.0,0.0,0.0
1769040000,0x95A0deC1E4fE633AEA5AD725375071a3a9F24501,1361790.5957610824,0.012749426959273906,[],"[('0x4200000000000000000000000000000000000006', 28394385807944237), ('0x9151434b16b9763660705744891fA906F660EcC5', 87211252)]",130,Unichain,unichain,0.0,170.44,170.44
1769040000,0x5c7E1F0dCFA6D4F300C55BaB41f27289c88A202A,1501208.0879906488,0.014054688678336215,[],"[('0x078D782b760474a361dDA0AF3839290b0EF57AD6', 11376252), ('0x1217BfE6c773EEC6cc4A38b5Dc45B92292B6E189', 13127918)]",130,Unichain,unichain,0.0,24.49,24.49
1769040000,0x735AC9EB60E9988147A6A3e79893C90D5B6b2f9F,0.000491076827537596,4.597995e-12,[],[],130,Unichain,unichain,0.0,0.0,0.0
1769040000,0xC6b8E3559feb231d7769c12872FFBE95c3E20Ff7,568043.8522179413,0.005318600749834431,[],"[('0x4200000000000000000000000000000000000006', 14382343341770070)]",130,Unichain,unichain,0.0,42.22,42.22
1769040000,0xA3d3b11efF5f9B01F743cD6403aB066887292d43,0.0,0.0,[],[],130,Unichain,unichain,0.0,0.0,0.0
1769040000,0x4DD903018D8e474c38c2daafdb6BDf0F62A40E75,422294.77729510434,0.003953551740943716,[],"[('0x9151434b16b9763660705744891fA906F660EcC5', 11460260)]",130,Unichain,unichain,0.0,11.44,11.44
1769040000,0x0162ccC58EDeca41F4C640f164EeC2d4F0efFAB2,164533.30891978354,0.001540695323396265,[],"[('0x078D782b760474a361dDA0AF3839290b0EF57AD6', 15878787)]",130,Unichain,unichain,0.0,15.87,15.87
1769040000,0xF994962cE11961fe7326e864F1014f114e378DB5,419.531659567471,3.927826142675e-06,[],[],42220,Celo,celo,0.0,0.0,0.0
1769040000,0xe8f84C5DaCC3c308747b953aB84FA47b4859263C,5313147.53048266,0.0497505958758067,[],"[('0x471EcE3750Da237f93B8E339c536989b8978a438', 3338216314788361248290), ('0x48065fbBE25f71C9282ddf5e1cD6D6A887483D5e', 430209516)]",42220,Celo,celo,0.0,819.88,819.88
1769040000,0xA6A14E6767C07Ffba3786Ac0054A8647Cfdca58D,3832657.2273103516,0.035887763280137173,[],"[('0x48065fbBE25f71C9282ddf5e1cD6D6A887483D5e', 209999531), ('0xD221812de1BD094f35587EE8E174B07B6167D9Af', 67982221202580791)]",42220,Celo,celo,0.0,408.41,408.41
1769040000,0xa9CF848774e87965B10389F69410834d2DA2C7C3,232703.42991282773,0.002178959690858707,[],"[('0x471EcE3750Da237f93B8E339c536989b8978a438', 142184436490133828985), ('0x7f9AdFbd38b669F03d1d11000Bc76b9AaEA28A81', 1185679305884852208615)]",42220,Celo,celo,0.0,16.62,16.62
1769040000,0xE16b284Ef941dBfC67f425857c51BB673d9D8A57,983921.0244860145,0.009211412095411696,[],"[('0x48065fbBE25f71C9282ddf5e1cD6D6A887483D5e', 42116984), ('0x765DE816845861e75A25fCA122bb6898B8B1282a', 41148628117656104931)]",42220,Celo,celo,0.0,83.2,83.2
1769040000,0xc20e81553f797ab98Bf4628057F88B0a5F1F5ce1,93066.09419385438,0.000871387495977643,[],"[('0x471EcE3750Da237f93B8E339c536989b8978a438', 8170271119326502111), ('0x765DE816845861e75A25fCA122bb6898B8B1282a', 1052121734923918362)]",42220,Celo,celo,0.0,2.01,2.01
1769040000,0xA70c1084b65c6f259f698C050b983B925Fe30e08,4505079.34473376,0.04217845610413197,[],"[('0x471EcE3750Da237f93B8E339c536989b8978a438', 2100535852418325883973), ('0xcebA9300f2b948710d2653dD7B07f33A8B32118C', 266593334)]",42220,Celo,celo,0.0,512.01,512.01
1769040000,0x953f87a2C26344d4A667a640758A1Fa038eEA80E,2231464.695110585,0.020918019590412413,[],"[('0x48065fbBE25f71C9282ddf5e1cD6D6A887483D5e', 152882730), ('0xcebA9300f2b948710d2653dD7B07f33A8B32118C', 111646767)]",42220,Celo,celo,0.0,264.31,264.31
1769040000,0x760f3f0e6cFfD0F8156Adf4828E1FeF4dbA5DdA0,963283.9418384873,0.009018477347160762,[],"[('0x765DE816845861e75A25fCA122bb6898B8B1282a', 25630736059084164611), ('0xcebA9300f2b948710d2653dD7B07f33A8B32118C', 28110799)]",42220,Celo,celo,0.0,53.72,53.72
1769040000,0x09BCBF3aa0AAc4554Ab128A9F8872b8ca36AD4f6,922542.1672234185,0.008637372354780883,[],"[('0x471EcE3750Da237f93B8E339c536989b8978a438', 587345114924899545877), ('0xD221812de1BD094f35587EE8E174B07B6167D9Af', 23397593798801560)]",42220,Celo,celo,0.0,137.02,137.02
1769040000,0xf246c15F962df2636c473a7D01EcC6b17Ac0553e,1.9159520728454253,1.7937033215e-08,[],"[('0x471EcE3750Da237f93B8E339c536989b8978a438', 226741302577359090), ('0xD8763CBa276a3738E6DE85b4b3bF5FDed6D6cA73', 20978836949381528)]",42220,Celo,celo,0.0,0.05,0.05
1769040000,0x3EBE18FdB79a30C81BC87263EC4c74A650A7B8Ae,4.277919195378834,4.0049633699e-08,[],"[('0xD8763CBa276a3738E6DE85b4b3bF5FDed6D6cA73', 7304929460897312)]",42220,Celo,celo,0.0,0.01,0.01
1769040000,0x5158e8211FC36f8bE6a4323410b7C1610Ff76db8,0.0,0.0,[],[],42220,Celo,celo,0.0,0.0,0.0
